Tamaño,Base_de_datos,Ejecucion,Tiempo_simple_ms,Tiempo_agregado_ms,Throughput_req_s,CPU_%,Memoria_MiB,IO_MB_s,Almacenamiento_MB
Small,Influx,results_20251121_180527,6522.0,437.0,0.8130081300813008,32.18,1456.195,3.747,137.0
Small,Influx,results_20251121_180559,6425.0,452.0,0.7987858455148175,30.9421052631579,1358.584210526316,4.263684210526316,137.0
Small,Influx,results_20251121_180631,7755.0,449.0,0.8449514152936206,27.999999999999993,1480.4550000000002,4.049499999999999,137.0
Small,Influx,results_20251121_180703,5804.0,431.0,0.7971938775510203,32.62105263157895,1401.4105263157894,3.444210526315789,137.0
Small,Influx,results_20251121_180734,10782.0,426.0,0.8598452278589853,22.5,1336.6238095238095,3.6004761904761904,137.0
Small,Influx,results_20251121_180810,8867.0,410.0,0.7490075649764062,31.134782608695648,1267.9043478260867,3.468695652173913,137.0
Small,Influx,results_20251121_180845,14046.0,445.0,0.8736676568233445,24.426923076923078,1372.2461538461537,3.6607692307692306,137.0
Small,Influx,results_20251121_180925,10197.0,545.0,0.6518479890489538,29.82,1426.656,5.2688,137.0
Small,Influx,results_20251121_181004,6848.0,456.0,0.5812939603557519,36.99130434782609,1497.9999999999998,3.303043478260869,137.0
Small,Influx,results_20251121_181041,14350.0,522.0,0.7006726457399103,30.033333333333328,1403.3000000000002,2.8177777777777777,137.0
Small,Influx,results_20251121_181122,4518.0,498.0,0.7237461098646595,37.76315789473684,1516.5894736842104,3.3599999999999994,137.0
Small,Influx,results_20251121_181155,12327.0,471.0,0.6556087327083197,29.904347826086955,1401.0652173913043,2.7047999999999996,137.0
Small,Influx,results_20251121_181235,10355.0,443.0,0.6924248719013987,29.94782608695652,1461.491304347826,3.5187500000000003,137.0
Small,Influx,results_20251121_181313,16587.0,460.0,0.690035881865857,25.782758620689656,1396.2241379310344,3.6655172413793102,137.0
Small,Influx,results_20251121_181357,8444.0,445.0,0.6804109682248078,29.75,1465.3772727272728,3.196363636363636,137.0
Small,Influx,results_20251121_181433,7725.0,2479.0,0.6561679790026247,30.756521739130438,1352.686956521739,3.4296,137.0
Small,Influx,results_20251121_181512,12879.0,503.0,0.6490556240669826,28.541666666666668,1327.7541666666666,2.8384000000000005,137.0
Small,Influx,results_20251121_181553,12812.0,1239.0,0.7227000072270001,24.645833333333332,1265.5833333333333,2.6043999999999996,137.0
Small,Influx,results_20251121_181634,8703.0,504.0,0.726480203414457,32.599999999999994,1496.6047619047622,3.211818181818181,137.0
Small,Influx,results_20251121_181710,7868.0,510.0,0.6577649148194435,35.54347826086957,1445.9260869565219,2.718260869565217,137.0
Small,Influx,results_20251121_181746,9450.0,448.0,0.6817097279978185,33.96521739130435,1469.695652173913,2.6645833333333333,137.0
Small,Influx,results_20251121_181823,9812.0,495.0,0.8816787162757891,33.5,1384.4428571428575,4.360476190476191,137.0
Small,Influx,results_20251121_181857,7758.0,725.0,0.45856834961250975,24.065384615384616,1289.3653846153845,2.3948275862068966,137.0
Small,Influx,results_20251121_181941,7628.0,512.0,0.5106209150326797,30.930769230769233,1476.1769230769228,2.670769230769231,137.0
Small,Influx,results_20251121_182021,10393.0,1101.0,0.7218131947452,30.8,1399.6391304347828,3.0611999999999995,137.0
Small,Influx,results_20251121_182059,7562.0,452.0,0.6459531038046638,36.831818181818186,1451.2136363636366,2.81,137.0
Small,Influx,results_20251121_182135,5874.0,459.0,0.7292882147024504,34.810526315789474,1286.8999999999996,2.6335000000000006,137.0
Small,Influx,results_20251121_182208,7719.0,1020.9999999999999,0.7839448102853559,35.199999999999996,1299.859090909091,3.0013636363636365,137.0
Small,Influx,results_20251121_182242,11239.0,469.0,0.7020499859590003,28.966666666666665,1487.7,3.1833333333333336,137.0
Small,Influx,results_20251121_182321,6543.0,1012.0,0.6216972334473111,24.527272727272724,1446.6818181818182,2.7243478260869565,137.0
Small,Timescale,results_20251121_160410,834.0,1384.0,1.2453300124533002,19.183333333333334,1463.5,9.395000000000001,1843.2
Small,Timescale,results_20251121_160433,1016.0,1361.0,1.601281024819856,19.279999999999998,1348.2899999999997,8.238181818181818,1843.2
Small,Timescale,results_20251121_160455,916.0,1336.0,1.55448468832582,19.2,1412.8799999999999,8.443636363636363,1843.2
Small,Timescale,results_20251121_160516,1542.0,1396.0,1.3289036544850499,18.75,1412.0749999999998,9.386363636363637,1843.2
Small,Timescale,results_20251121_160540,950.0,1357.0,1.361285053090117,19.099999999999998,1461.2818181818182,7.957272727272727,1843.2
Small,Timescale,results_20251121_160603,995.0,2949.0,1.1102475852115021,16.699999999999996,1396.357142857143,7.590000000000001,1843.2
Small,Timescale,results_20251121_160630,1223.0,1726.0,1.5337423312883436,20.499999999999996,1352.1363636363637,7.96,1843.2
Small,Timescale,results_20251121_160652,1016.9999999999999,1370.0,1.3842746400885935,19.145454545454548,1383.0272727272727,8.290000000000001,1843.2
Small,Timescale,results_20251121_160714,968.0,1322.0,1.0063399416322834,19.785714285714285,1477.6642857142858,6.339999999999999,1843.2
Small,Timescale,results_20251121_160738,956.0,1366.0,1.2850167052171677,20.066666666666666,1488.0,8.705,1843.2
Small,Timescale,results_20251121_160801,960.0,1706.0,0.9085953116481919,18.546666666666663,1444.3400000000001,6.474,1843.2
Small,Timescale,results_20251121_160828,1210.0,1842.0,0.944822373393802,21.280000000000005,1483.12,6.065,1843.2
Small,Timescale,results_20251121_160855,1306.0,1878.0,1.0678056593699947,20.613333333333333,1425.0399999999997,6.260666666666666,1843.2
Small,Timescale,results_20251121_160921,2101.0,1643.0,0.940822278671559,21.07857142857143,1403.8714285714284,9.02,1843.2
Small,Timescale,results_20251121_160949,1186.0,1769.0,0.9666505558240696,20.74666666666667,1490.3600000000001,5.922666666666667,1843.2
Small,Timescale,results_20251121_161016,4032.0,1698.0,0.9462528387585163,17.40666666666667,1393.1333333333337,5.732941176470588,1843.2
Small,Timescale,results_20251121_161045,2935.0,1936.0,0.8509189925119128,20.955555555555556,1442.4722222222222,4.477222222222222,1843.2
Small,Timescale,results_20251121_161114,1254.0,1917.0,0.8847208705653365,19.35625,1472.3937500000002,5.72375,1843.2
Small,Timescale,results_20251121_161144,1418.0,1310.0,1.216101179618144,18.683333333333334,1401.1750000000002,9.56076923076923,1843.2
Small,Timescale,results_20251121_161207,1106.0,1844.0,1.0274324463166546,22.321428571428573,1445.0071428571425,7.075333333333333,1843.2
Small,Timescale,results_20251121_161232,1112.0,1386.0,1.417233560090703,18.509090909090908,1423.790909090909,8.42090909090909,1843.2
Small,Timescale,results_20251121_161255,911.0,2193.0,1.4677821811243212,17.92727272727273,1405.7636363636364,7.208181818181817,1843.2
Small,Timescale,results_20251121_161318,969.0,1787.0,1.6388069485414618,15.35,1308.9899999999998,8.043000000000001,1843.2
Small,Timescale,results_20251121_161339,989.0,1876.0,1.274047649382087,20.666666666666664,1413.3749999999998,5.624999999999999,1843.2
Small,Timescale,results_20251121_161402,896.0,1382.0,1.3034410844629822,20.645454545454545,1440.8181818181818,8.841818181818182,1843.2
Small,Timescale,results_20251121_161425,809.0,1355.0,1.355197181189863,16.836363636363636,1331.5909090909088,6.987272727272727,1843.2
Small,Timescale,results_20251121_161447,925.0,3209.0,1.392951664577239,18.091666666666665,1308.8833333333332,7.4775,1843.2
Small,Timescale,results_20251121_161511,1688.0,1367.0,1.1716461628588166,19.036363636363635,1381.2727272727275,6.147692307692308,1843.2
Small,Timescale,results_20251121_161536,1077.0,1464.0,1.42836737608913,19.59090909090909,1411.6363636363635,8.565,1843.2
Small,Timescale,results_20251121_161559,1611.0,1362.0,1.389854065323141,18.500000000000004,1374.6090909090908,7.066666666666666,1843.2
Small,ColumnStore,results_20251107_003731,4253.0,1969.0,0.5652591713300549,16.616,2560.7960000000003,9.708076923076922,510.0
Small,ColumnStore,results_20251107_003807,4137.0,1675.0,0.36221385105766446,9.539393939393939,2683.6939393939397,7.074242424242425,510.0
Small,ColumnStore,results_20251107_003854,3575.0,2000.0,0.4094165813715455,21.74137931034483,2697.7793103448284,10.133448275862069,510.0
Small,ColumnStore,results_20251107_003938,4178.0,1223.0,0.38025705376834745,22.186666666666667,2598.47,9.435806451612903,510.0
Small,ColumnStore,results_20251107_004022,4548.0,2520.0,0.4525296406914653,12.503448275862068,2764.972413793104,12.408666666666669,510.0
Small,ColumnStore,results_20251107_004106,4148.0,4657.0,0.3983111606787222,15.203225806451615,2753.7483870967744,7.133225806451613,510.0
Small,ColumnStore,results_20251107_004153,5835.0,1938.0,0.4242321398269133,27.200000000000003,2583.189655172414,11.796451612903228,510.0
Small,ColumnStore,results_20251107_004237,4348.0,3079.0,0.3163555836760519,18.65135135135135,3006.143243243244,274.8951351351351,510.0
Small,ColumnStore,results_20251107_004333,4835.0,2197.0,0.5155436407691911,20.720000000000006,2737.616,363.7453846153846,510.0
Small,ColumnStore,results_20251107_004413,5969.0,1359.0,0.5922065616487031,14.066666666666665,2746.8541666666665,714.2512499999999,510.0
Small,ColumnStore,results_20251107_004450,6602.0,2582.0,0.4036326942482341,15.244827586206897,2657.975862068965,9.09741935483871,510.0
Small,ColumnStore,results_20251107_004536,4932.0,2505.0,0.3747423646243208,15.96551724137931,2771.672413793104,8.705333333333334,510.0
Small,ColumnStore,results_20251107_004624,4361.0,2711.0,0.4374261843313941,10.541379310344825,2709.696551724138,8.651666666666667,510.0
Small,ColumnStore,results_20251107_004707,4866.0,3289.0,0.4995504046358277,11.488461538461538,2554.5115384615387,8.35,510.0
Small,ColumnStore,results_20251107_004747,3870.0,2054.0,0.30662619200932145,13.42222222222222,2686.280555555555,10.503055555555555,510.0
Small,ColumnStore,results_20251107_004838,5353.0,2909.0,0.41739711161198767,20.43793103448276,2577.882758620689,11.067333333333334,510.0
Small,ColumnStore,results_20251107_004922,5944.0,2372.0,0.435748834371868,22.983870967741936,2600.680645161291,7.034242424242424,510.0
Small,ColumnStore,results_20251107_005006,4003.0,1285.0,0.31735956839098695,25.065714285714286,2464.857142857143,30.411666666666665,510.0
Small,ColumnStore,results_20251107_005055,8267.0,2250.0,0.3317409766454353,19.708333333333336,2835.2944444444447,867.6591891891891,510.0
Small,ColumnStore,results_20251107_005148,4845.0,2226.0,0.5016302984700276,14.372413793103446,2669.1793103448276,190.2741379310345,510.0
Small,ColumnStore,results_20251107_005228,3906.0,1034.0,0.4215673875468994,15.714285714285712,2798.296428571429,14.198965517241378,510.0
Small,ColumnStore,results_20251107_005313,3990.0,1229.0,0.351642168928898,14.018518518518519,2429.3074074074075,9.162758620689656,510.0
Small,ColumnStore,results_20251107_005359,4345.0,1593.0,0.3930663102865454,18.042857142857144,2539.860714285714,9.375714285714285,510.0
Small,ColumnStore,results_20251107_005442,5295.0,1981.0,0.4138387684158252,21.090322580645164,2292.851612903226,38.94806451612904,510.0
Small,ColumnStore,results_20251107_005527,4328.0,1164.0,0.5699629524080935,10.004166666666665,2608.8250000000003,9.089166666666666,510.0
Small,ColumnStore,results_20251107_005602,4308.0,1064.0,0.4903402961655389,15.684615384615382,2990.0730769230768,9.663703703703701,510.0
Small,ColumnStore,results_20251107_005640,3803.0,1016.9999999999999,0.2770773877143886,10.653846153846157,2624.587179487179,6.320769230769232,510.0
Small,ColumnStore,results_20251107_005734,5420.0,3105.0,0.262501640635254,13.28095238095238,2453.7880952380956,6.240232558139534,510.0
Small,ColumnStore,results_20251107_005833,3659.0,1053.0,0.34030968181044746,22.51379310344828,2837.572413793104,16.038666666666668,510.0
Small,ColumnStore,results_20251107_005919,3588.0,1029.0,0.29206460469055756,18.331249999999997,2740.46875,10.253939393939394,510.0
Medium,Influx,results_20251121_184411,33131.0,2629.0,1.117443289753045,18.517948717948716,1970.04358974359,7.130000000000001,433.0
Medium,Influx,results_20251121_184509,26890.0,2456.0,1.051967178624027,25.188888888888886,2215.8166666666666,5.322702702702704,433.0
Medium,Influx,results_20251121_184600,29350.0,2281.0,0.8666262241095416,21.425,2175.0699999999997,4.546749999999999,433.0
Medium,Influx,results_20251121_184657,33888.0,2233.0,0.7306736811340055,21.16,2008.6866666666672,3.9197826086956518,433.0
Medium,Influx,results_20251121_184800,30851.0,2350.0,0.8698677800974252,21.678947368421053,2245.755263157896,4.100975609756097,433.0
Medium,Influx,results_20251121_184858,36821.0,2745.0,0.6771397616468039,25.006122448979596,2218.755102040817,3.269807692307693,433.0
Medium,Influx,results_20251121_185006,26545.0,3108.0,0.4409559925919393,23.993181818181814,2383.359090909091,3.7325,433.0
Medium,Influx,results_20251121_185111,33153.0,2642.0,0.6612881893929374,22.31590909090909,2285.5568181818176,3.6542222222222227,433.0
Medium,Influx,results_20251121_185216,37527.0,2226.0,1.1095084877399313,17.651162790697676,2148.9860465116276,3.7966666666666673,433.0
Medium,Influx,results_20251121_185317,29472.0,3131.0,0.9254974548819991,22.4875,2038.475,3.729761904761905,433.0
Medium,Influx,results_20251121_185413,37642.0,2370.0,0.8862105636299185,20.78409090909091,2170.3,3.44125,433.0
Medium,Influx,results_20251121_185517,22143.0,2524.0,0.8409721638213775,23.78181818181818,2187.909090909091,4.273714285714286,433.0
Medium,Influx,results_20251121_185607,32433.0,2662.0,0.6512112529304507,20.808695652173913,2239.3130434782606,3.3654166666666665,433.0
Medium,Influx,results_20251121_185710,29228.0,2619.0,0.7530687551773477,24.54102564102564,2284.3948717948724,3.5383333333333336,433.0
Medium,Influx,results_20251121_185808,25954.0,3718.0,0.6245316012990257,25.709756097560973,1998.6853658536586,3.841463414634146,433.0
Medium,Influx,results_20251121_185906,23046.0,4343.0,0.6613756613756614,22.620512820512822,2309.551282051281,3.8914634146341465,433.0
Medium,Influx,results_20251121_190001,20577.0,2654.0,0.6278252134605725,29.738888888888887,2385.722222222222,4.093333333333333,433.0
Medium,Influx,results_20251121_190054,26373.0,3631.0,0.644122383252818,27.28048780487805,2283.509756097561,3.6651219512195117,433.0
Medium,Influx,results_20251121_190152,20394.0,2624.0,0.697350069735007,26.144444444444442,2396.6055555555554,4.043157894736842,433.0
Medium,Influx,results_20251121_190242,26937.0,4357.0,0.7371913011426465,20.94390243902439,2314.051219512195,3.212727272727273,433.0
Medium,Influx,results_20251121_190340,29762.0,3074.0,0.6181615874389566,24.35217391304348,2298.532608695652,3.5353488372093027,433.0
Medium,Influx,results_20251121_190442,32615.000000000004,2791.0,0.7110858280594468,26.048837209302327,2060.190697674419,3.2321739130434786,433.0
Medium,Influx,results_20251121_190544,24303.0,2584.0,0.5989817310572028,27.544999999999998,2031.2724999999998,3.689,433.0
Medium,Influx,results_20251121_190640,35085.0,2555.0,0.7437156031533542,24.174468085106383,2102.0425531914884,3.024200000000001,433.0
Medium,Influx,results_20251121_190745,23470.0,4066.0,0.7570022710068129,24.571052631578947,2286.3315789473677,3.748974358974359,433.0
Medium,Influx,results_20251121_190838,27614.0,2742.0,0.6481301445330222,26.94634146341464,2162.6097560975613,3.6384999999999996,433.0
Medium,Influx,results_20251121_190937,37805.0,3045.0,0.612294881214793,23.544,2271.6980000000003,3.1059615384615387,433.0
Medium,Influx,results_20251121_191047,22677.0,4879.0,0.5290725358446643,27.482926829268298,1995.1317073170733,2.9990476190476194,433.0
Medium,Influx,results_20251121_191146,30651.0,5083.0,0.7496813854112002,24.058139534883722,2248.502325581395,3.167446808510638,433.0
Medium,Influx,results_20251121_191248,24633.0,4151.0,0.7180812868016659,27.17948717948718,2127.748717948718,3.53625,433.0
Medium,Timescale,results_20251121_163039,2200.0,3954.0,0.48267207259387973,18.808000000000003,2277.092,6.086785714285715,4403.2
Medium,Timescale,results_20251121_163119,2739.0,4019.0,0.4940711462450593,20.939285714285713,2249.932142857143,5.872068965517242,4403.2
Medium,Timescale,results_20251121_163158,2317.0,4222.0,0.4409559925919393,21.59666666666667,2322.2,5.724333333333334,4403.2
Medium,Timescale,results_20251121_163240,2687.0,3995.0,0.49860390905464697,20.225925925925928,2052.892592592593,6.53107142857143,4403.2
Medium,Timescale,results_20251121_163321,2502.0,4248.0,0.4754885645000238,23.15,2126.880769230769,5.7192307692307685,4403.2
Medium,Timescale,results_20251121_163401,3503.0,3940.0,0.48118564142046,19.77142857142857,2294.0642857142857,6.118620689655172,4403.2
Medium,Timescale,results_20251121_163442,3223.0,5153.0,0.4769399532598846,22.282758620689652,2091.9999999999995,8.178,4403.2
Medium,Timescale,results_20251121_163525,3039.0,5150.0,0.5051015254066068,22.0896551724138,2066.675862068966,6.940689655172414,4403.2
Medium,Timescale,results_20251121_163606,3147.0,4278.0,0.4987531172069825,23.685714285714283,2243.925,6.57551724137931,4403.2
Medium,Timescale,results_20251121_163646,2456.0,3986.0,0.47366426676771506,19.092857142857138,2293.9714285714285,5.925862068965517,4403.2
Medium,Timescale,results_20251121_163726,2790.0,4130.0,0.46840601433322404,20.54642857142857,2041.2357142857143,5.958275862068966,4403.2
Medium,Timescale,results_20251121_163807,2264.0,4037.0,0.5059960532307848,21.157692307692308,1971.188461538462,6.540000000000001,4403.2
Medium,Timescale,results_20251121_163846,2631.0,4197.0,0.481139337952271,21.7,2255.9,6.014137931034482,4403.2
Medium,Timescale,results_20251121_163926,3016.0,4810.0,0.42614847012699225,21.066666666666666,2127.186666666666,5.520967741935484,4403.2
Medium,Timescale,results_20251121_164010,2420.0,4285.0,0.44541445815331165,23.16296296296296,2108.248148148148,5.877586206896552,4403.2
Medium,Timescale,results_20251121_164052,3275.0,5525.0,0.3574875773066886,22.873529411764707,2260.1558823529413,5.127222222222222,4403.2
Medium,Timescale,results_20251121_164143,2729.0,4898.0,0.5150656708730363,21.585185185185182,2223.5222222222224,5.711428571428571,4403.2
Medium,Timescale,results_20251121_164222,2560.0,4278.0,0.41240514681623225,19.361290322580647,2370.783870967742,5.0909375,4403.2
Medium,Timescale,results_20251121_164306,2706.0,4630.0,0.6546644844517184,23.234782608695657,2090.5173913043477,6.629583333333334,4403.2
Medium,Timescale,results_20251121_164342,4776.0,4043.0,0.47644004002096335,23.236666666666668,2240.5599999999995,5.566,4403.2
Medium,Timescale,results_20251121_164425,2841.0,3907.0,0.43344458410992154,19.0,2214.2599999999998,5.283225806451613,4403.2
Medium,Timescale,results_20251121_164508,2295.0,4078.9999999999995,0.5885122410546139,20.178260869565214,1984.9217391304353,20.349583333333335,4403.2
Medium,Timescale,results_20251121_164545,3203.0,4951.0,0.3099717925668764,21.40487804878049,2332.312195121951,4.654878048780488,4403.2
Medium,Timescale,results_20251121_164638,3315.0,5137.0,0.42493519738239915,22.53030303030303,2162.460606060606,29.193030303030305,4403.2
Medium,Timescale,results_20251121_164722,2774.0,3917.0,0.47634925927690186,18.56551724137931,2181.289655172414,5.20448275862069,4403.2
Medium,Timescale,results_20251121_164803,2675.0,5163.0,0.5083884087442806,21.410714285714285,2194.696428571429,5.487142857142857,4403.2
Medium,Timescale,results_20251121_164844,2595.0,4948.0,0.4826487764853516,17.941379310344825,2249.348275862069,5.414827586206895,4403.2
Medium,Timescale,results_20251121_164924,3706.0,4819.0,0.555524693072607,22.955555555555552,2135.2555555555555,7.457857142857143,4403.2
Medium,Timescale,results_20251121_165004,3629.0,4078.9999999999995,0.5820721769499418,19.712,2118.128,6.261923076923077,4403.2
Medium,Timescale,results_20251121_165042,2377.0,3992.0,0.484003678427956,20.07777777777778,2180.7666666666664,5.424074074074074,4403.2
Medium,ColumnStore,results_20251107_011407,13486.0,3430.0,0.1881750780926574,14.41940298507463,3121.702985074627,2522.514637681159,1331.2
Medium,ColumnStore,results_20251107_011529,14028.0,3406.0,0.11919093195389695,9.624242424242423,3120.262626262626,1056.7052941176469,1331.2
Medium,ColumnStore,results_20251107_011722,13382.0,3448.0,0.20272050923391918,12.970149253731341,2687.8194029850747,252.22223880597014,1331.2
Medium,ColumnStore,results_20251107_011842,14761.0,7113.0,0.3327344113928263,15.636538461538462,2718.45,12.00509433962264,1331.2
Medium,ColumnStore,results_20251107_011946,14716.0,6196.0,0.22807097568763401,17.04545454545455,2581.1333333333337,10.424090909090909,1331.2
Medium,ColumnStore,results_20251107_012102,13250.0,3417.0,0.34314734747100406,13.080434782608695,2944.0043478260873,12.374255319148936,1331.2
Medium,ColumnStore,results_20251107_012200,13994.0,3774.0,0.20453243884480077,13.446969696969695,2852.2681818181823,876.2812121212122,1331.2
Medium,ColumnStore,results_20251107_012319,14426.0,3414.0,0.2559967232419425,10.54137931034483,2705.2327586206898,10.256271186440678,1331.2
Medium,ColumnStore,results_20251107_012427,13095.0,5471.0,0.36045128500883106,14.614893617021275,2759.4702127659575,260.0895833333333,1331.2
Medium,ColumnStore,results_20251107_012526,15171.0,6565.0,0.3547483060768385,16.271153846153847,2582.619230769231,11.216923076923077,1331.2
Medium,ColumnStore,results_20251107_012629,16398.0,6342.0,0.23889154323936934,13.969841269841272,2720.750793650795,8.89796875,1331.2
Medium,ColumnStore,results_20251107_012745,14801.0,6085.0,0.17846626095336676,13.293506493506491,2672.274025974026,8.177307692307693,1331.2
Medium,ColumnStore,results_20251107_012914,14736.0,5953.0,0.343300490919702,17.449019607843134,2764.719607843136,11.047843137254901,1331.2
Medium,ColumnStore,results_20251107_013016,14732.0,6225.0,0.21595473588735803,15.235820895522387,2610.7820895522386,8.731029411764707,1331.2
Medium,ColumnStore,results_20251107_013135,15042.0,6171.0,0.3327344113928263,17.982692307692307,2714.059615384616,12.005849056603775,1331.2
Medium,ColumnStore,results_20251107_013240,14751.0,6794.0,0.3663406235117412,16.418,2686.526,11.523600000000002,1331.2
Medium,ColumnStore,results_20251107_013341,14419.0,6081.0,0.33377837116154874,15.213461538461537,2758.063461538462,10.638653846153847,1331.2
Medium,ColumnStore,results_20251107_013446,14677.0,6321.0,0.2846407833314357,18.356896551724137,2914.1431034482757,497.3651724137932,1331.2
Medium,ColumnStore,results_20251107_013556,15259.0,7175.0,0.32560562646522534,16.305555555555557,2679.4203703703706,9.882545454545454,1331.2
Medium,ColumnStore,results_20251107_013701,15168.0,7087.0,0.3590664272890485,16.417307692307695,2641.2134615384616,10.034230769230769,1331.2
Medium,ColumnStore,results_20251107_013805,14520.0,6073.0,0.3599712023038157,15.844000000000001,2749.94,9.8282,1331.2
Medium,ColumnStore,results_20251107_013907,16328.0,6196.0,0.3350869550648393,17.313207547169814,2666.9037735849056,10.902777777777775,1331.2
Medium,ColumnStore,results_20251107_014012,14055.0,5997.0,0.33478406427854035,15.925490196078435,2671.035294117647,10.474999999999998,1331.2
Medium,ColumnStore,results_20251107_014115,15593.0,6106.0,7.757216878822398e-06,17.62982456140351,2705.745614035088,48.31315789473684,1331.2
Medium,ColumnStore,results_20251121_234748,2721.0,4384.0,0.2557544757033248,15.015254237288136,2875.6067796610178,20.458983050847458,1331.2
Medium,ColumnStore,results_20251121_234846,13096.0,3345.0,0.34974818130945723,14.60217391304348,2839.1108695652174,1728.5514893617017,1331.2
Medium,ColumnStore,results_20251121_234944,14286.0,3470.0,0.35648082133181236,14.138297872340425,2874.4042553191484,1338.73,1331.2
Medium,ColumnStore,results_20251121_235042,13861.0,3418.0,0.35892466171350634,12.660869565217391,2836.884782608696,10.807608695652174,1331.2
Medium,ColumnStore,results_20251121_235140,13443.0,3411.0,0.3709473996587284,12.331111111111111,2824.3533333333335,11.137391304347824,1331.2
Medium,ColumnStore,results_20251121_235236,15291.0,6115.0,0.33723400667723336,17.048076923076927,2857.9596153846164,10.669056603773585,1331.2
Big,Influx,results_20251121_194930,149033.00000000003,2059.0,1.0748065348237317,17.093525179856115,2497.391366906475,1.7743262411347518,2150.4
Big,Influx,results_20251121_195223,178687.0,3880.0,0.6344775077723495,14.614906832298137,2322.9316770186338,1.4657647058823529,2150.4
Big,Influx,results_20251121_195554,143938.0,3036.0,0.5385319618719371,17.365693430656933,2448.6372262773716,1.3118115942028985,2150.4
Big,Influx,results_20251121_195852,134868.0,4212.0,0.6063913649869626,17.649242424242424,2327.659090909091,1.475839416058394,2150.4
Big,Influx,results_20251121_200141,134349.0,3443.0,0.7741735697143299,18.646564885496183,2477.052671755725,1.1893382352941178,2150.4
Big,Influx,results_20251121_200425,141556.0,3846.0,0.583975706610605,19.119858156028368,2493.150354609929,1.5725517241379312,2150.4
Big,Influx,results_20251121_200721,129197.0,3236.0,0.6667555674089879,18.77578125,2453.61484375,1.292781954887218,2150.4
Big,Influx,results_20251121_201001,136937.0,3145.0,0.5794749956539375,18.86222222222222,2471.434814814815,1.3377857142857144,2150.4
Big,Influx,results_20251121_201251,148892.0,3082.0,0.6463288521199586,16.766197183098594,2519.101408450704,1.2348648648648648,2150.4
Big,Influx,results_20251121_201551,139649.0,2621.0,0.6293266205160478,19.06766917293233,2467.265413533835,1.5356521739130435,2150.4
Big,Influx,results_20251121_201842,134825.0,2677.0,0.5643340857787811,22.5,2487.4100000000003,38.0109219858156,2150.4
Big,Influx,results_20251121_202130,159180.0,3167.0,0.7691124442393478,17.82434210526316,2430.125,1.1624516129032259,2150.4
Big,Influx,results_20251121_202438,148216.0,3272.0,0.7433286255853713,17.58169014084507,2418.5373239436617,1.5582550335570473,2150.4
Big,Influx,results_20251121_202736,150303.0,3545.0,0.6038282712396594,16.02307692307692,2332.2727272727275,1.2979591836734694,2150.4
Big,Influx,results_20251121_203039,130334.0,2858.0,0.6586313640255549,18.795121951219514,2492.191869918699,1.309765625,2150.4
Big,Influx,results_20251121_203320,150855.0,4242.0,0.7857311228097745,16.887323943661972,2535.7450704225353,1.4441780821917807,2150.4
Big,Influx,results_20251121_203621,130787.0,3039.0,0.6899882701994066,18.954761904761902,2404.605555555556,1.2278461538461538,2150.4
Big,Influx,results_20251121_203902,130594.0,2883.0,0.8136034496786266,17.551908396946565,2348.1511450381677,1.3755970149253731,2150.4
Big,Influx,results_20251121_204140,166429.0,2565.0,0.7022965095863474,18.79620253164557,2338.0417721518993,1.0482208588957056,2150.4
Big,Influx,results_20251121_204456,145209.0,2503.0,0.7100759781296598,17.192753623188405,2420.438405797102,1.0732394366197184,2150.4
Big,Influx,results_20251121_204751,152902.0,2555.0,0.6073858114674442,18.93741496598639,2503.1680272108847,1.343288590604027,2150.4
Big,Influx,results_20251121_205056,142948.0,3040.0,0.7751337105650725,20.106338028169013,2492.8901408450706,1.1313793103448277,2150.4
Big,Influx,results_20251121_205347,140742.0,2473.0,0.6195786864931846,18.763703703703705,2429.357777777778,1.2055714285714285,2150.4
Big,Influx,results_20251121_205639,152615.0,2555.0,0.7108330963889679,17.43065693430657,2409.1591240875914,1.1595804195804196,2150.4
Big,Influx,results_20251121_205941,147181.0,2448.0,0.6474168069403082,19.66788321167883,2490.869343065693,1.2497202797202798,2150.4
Big,Influx,results_20251121_210240,130610.99999999999,2414.0,0.7971303308090872,18.16115702479339,2406.0900826446277,1.833939393939394,2150.4
Big,Influx,results_20251121_210519,142975.0,2425.0,1.1716461628588166,14.488461538461538,2505.7346153846156,1.1522302158273383,2150.4
Big,Influx,results_20251121_210806,166515.0,3002.0,0.6987631891551953,16.967741935483872,2530.261290322581,1.0905555555555555,2150.4
Big,Influx,results_20251121_211122,131946.0,2970.0,0.7156147130385001,17.38230769230769,2503.193076923077,1.0832330827067669,2150.4
Big,Influx,results_20251121_211404,151129.0,3008.0,0.7642922653622746,18.365492957746476,2485.3169014084506,1.2052380952380954,2150.4
Big,Timescale,results_20251121_215510,11911.0,19265.0,0.19312102894884225,21.184146341463418,2753.042682926829,1740.4414457831326,17408.0
Big,Timescale,results_20251121_215646,11399.0,19630.0,0.2537620219757911,21.310447761194027,2563.1298507462684,2185.7389999999996,17408.0
Big,Timescale,results_20251121_215809,12124.0,18658.0,0.24286581663630846,18.24647887323944,2595.6239436619717,1526.5618055555553,17408.0
Big,Timescale,results_20251121_215935,14983.0,25697.0,0.16662223407091442,25.074193548387097,2552.2333333333336,1715.6844897959181,17408.0
Big,Timescale,results_20251121_220129,16091.999999999998,25147.0,0.15060467778129188,23.954368932038836,2635.6708737864087,1283.8863207547172,17408.0
Big,Timescale,results_20251121_220330,18517.0,24627.0,0.17519885069553942,23.846938775510203,2575.0214285714287,1115.7101020408165,17408.0
Big,Timescale,results_20251121_220524,14170.0,21581.0,0.21306061574517948,22.909756097560976,2504.689024390244,2140.2837349397587,17408.0
Big,Timescale,results_20251121_220700,12759.0,19192.0,0.22718495126882793,20.773972602739725,2647.2328767123286,1764.0047297297301,17408.0
Big,Timescale,results_20251121_220829,10657.0,18732.0,0.2111219017860913,19.369333333333334,2727.832,1719.3600000000001,17408.0
Big,Timescale,results_20251121_220959,12089.0,18894.0,0.22010432945216032,20.41733333333333,2657.5306666666665,1973.0544155844157,17408.0
Big,Timescale,results_20251121_221130,10339.0,20428.0,0.2589600165734411,22.81323529411765,2479.8514705882353,1746.674142857143,17408.0
Big,Timescale,results_20251121_221254,14173.0,19305.0,0.244355390479914,23.573972602739726,2503.3191780821917,1875.6396000000004,17408.0
Big,Timescale,results_20251121_221421,11819.0,18925.0,0.2455373585090972,18.95571428571428,2626.802857142857,1816.2261428571426,17408.0
Big,Timescale,results_20251121_221546,11565.0,20809.0,0.2097931439600554,22.61688311688312,2475.0909090909086,2059.8886075949367,17408.0
Big,Timescale,results_20251121_221719,12561.0,18933.0,0.2414933951556425,19.50857142857143,2574.5914285714293,1739.9364383561644,17408.0
Big,Timescale,results_20251121_221846,10297.0,18661.0,0.22654161569480313,20.43571428571429,2472.591428571429,2116.5881944444445,17408.0
Big,Timescale,results_20251121_222012,12460.0,21028.0,0.26452227277536766,20.95507246376812,2492.4855072463765,1773.8026760563382,17408.0
Big,Timescale,results_20251121_222137,12635.0,18834.0,0.23876035623045147,21.498611111111114,2653.3305555555557,1859.4489189189185,17408.0
Big,Timescale,results_20251121_222304,10738.0,19642.0,0.2240846143503787,19.875342465753427,2573.015068493151,2377.927702702703,17408.0
Big,Timescale,results_20251121_222432,11398.0,22018.0,0.22460301417245018,24.26710526315789,2448.1263157894737,2324.2866233766226,17408.0
Big,Timescale,results_20251121_222603,11281.0,18870.0,0.22212843466092094,20.55068493150685,2719.3068493150686,1504.2124324324325,17408.0
Big,Timescale,results_20251121_222732,11037.0,18949.0,0.2054738226349963,18.993506493506498,2699.245454545455,1566.543417721519,17408.0
Big,Timescale,results_20251121_222904,12421.0,20277.0,0.2296158526784689,21.681081081081082,2613.871621621622,1482.5552631578948,17408.0
Big,Timescale,results_20251121_223035,12636.0,18894.0,0.17844078442568834,20.69411764705882,2754.6152941176465,2949.9670454545453,17408.0
Big,Timescale,results_20251121_223216,11806.0,19879.0,0.22917382834880257,21.82027027027027,2606.5608108108104,1536.6173684210526,17408.0
Big,Timescale,results_20251121_223345,11055.0,20278.0,0.1864176127360513,21.20609756097561,2694.2975609756095,2535.838941176471,17408.0
Big,Timescale,results_20251121_223523,11089.0,18909.0,0.25631824473266007,19.974999999999998,2585.067647058824,1676.4814492753624,17408.0
Big,Timescale,results_20251121_223646,12572.0,18587.0,0.12415882396761938,21.023636363636367,2902.4509090909105,3461.4160714285713,17408.0
Big,Timescale,results_20251121_223851,11266.0,19097.0,0.20820754127714505,16.948684210526316,2604.6828947368417,2580.214285714286,17408.0
Big,Timescale,results_20251121_224023,12074.0,19289.0,0.25400695979069826,20.89275362318841,2548.015942028986,1934.4022857142857,17408.0
Big,ColumnStore,results_20251122_012451,13900.0,19102.0,0.11981357008494783,22.335106382978722,3417.385106382979,2931.4733333333334,5734.4
